repo,url,category,license,assessment,inference_status,readme_sha256
TheoLeeCJ/SemIf,https://github.com/TheoLeeCJ/SemIf,Mac and device scoring runtimes,MIT,Formerly TheoLeeCJ/openjev. Frozen-model option scorer with MLX support; not Jev-trained weights.,Source and metadata reviewed; model inference not tested,9b16c39c60b9374a0d67f9fda3208ef0eb08f17da1e19fd136f48f3e56d1f5c9
bespokelabsai/nimble,https://github.com/bespokelabsai/nimble,Trained decision models,UNCONFIRMED,Trained 9B LoRA; base model required. Public demo returned HTTP 503. Current unquantized MLX path is too large for available disk.,Public demo attempted: HTTP 503; local not run,b3a04a310f1e786c7ed306a9d45f9487e7667742decda635dd5976b201d18d32
TianyuCodings/NanoJev,https://github.com/TianyuCodings/NanoJev,Specialists and training experiments,MIT,Published game-oriented model. Test Maze/Snake/ViZDoom separately from semantic office tasks; weight license unclear in metadata.,Source and metadata reviewed; model inference not tested,f1fad1cbe3d3c72b51ffbfffb149aa023f4fbd4f5a71b118cd38e88ab5aa37a7
vinnylarouge/jevlike,https://github.com/vinnylarouge/jevlike,Specialists and training experiments,MIT,Tiny train-from-scratch dynamic option scorer. Requires task training; not a general knowledge model.,Source and metadata reviewed; model inference not tested,c1d7fd31d3cf95565ba7ec6190d8c01fcbf92ec6f24c4d67f733d59e742a40c5
jaredpalmer/kev,https://github.com/jaredpalmer/kev,Trained decision models,Apache-2.0,Trained adapter plus decision head. 0.6B checkpoint is a small-model candidate; adapter size excludes base weights.,Source and metadata reviewed; model inference not tested,c17567954eae83fdb65f43da83e8508cb2f017f19dc67468aca09ea19a73ce52
NandhaKishorM/laya,https://github.com/NandhaKishorM/laya,Trained decision models,Apache-2.0,"ModernBERT-based typed decision family; compact English, multilingual and typed-decision checkpoints.",Source and metadata reviewed; model inference not tested,78d36127fbeb5e43aeb1441aea061d5a129fb77ec9cdad8c994b2e14deba54f9
mizorewww/laya-mlx,https://github.com/mizorewww/laya-mlx,Trained decision models,Apache-2.0,"Independent Mac port of Laya, not an additional model family. First local candidate; weights about 843 MB, full context includes questions and options.",Source and metadata reviewed; model inference not tested,31d15a694a65571c5f2dee3f75422ca21ae4d0fe97f4adbf7763b2449c5aea63
bnsd55/jevmlx,https://github.com/bnsd55/jevmlx,Mac and device scoring runtimes,MIT,"Mac-native constrained scoring runtime. Supports small Qwen checkpoints; quality depends on model, prompt and calibration.",Source and metadata reviewed; model inference not tested,532d68464cfb59b11669a982bd804139d9b8989741dc74064c3f1696c89dacb8
ekzhang/openjev-sglang,https://github.com/ekzhang/openjev-sglang,General scoring / serving adapters,UNCONFIRMED,GPU/SGLang server using existing models; not a new checkpoint. Code license unresolved.,Source and metadata reviewed; model inference not tested,cccc70a451675f328a85b74e25346473661522db5797278ddb2155e429d8ed7f
zhihz/openjev,https://github.com/zhihz/openjev,General scoring / serving adapters,NOASSERTION,Frozen Qwen scoring reproduction; README license claim requires checking actual license scope.,Source and metadata reviewed; model inference not tested,8041cd1fe4fad0ea0c9ec4a221de81e723025f1d37302d8c79a9567933d9467b
r-ms/mini-jev,https://github.com/r-ms/mini-jev,General scoring / serving adapters,MIT,"Controlled experiment on frozen Qwen, not a separately trained Jev replacement.",Source and metadata reviewed; model inference not tested,c3517cf646ff370d3d1bcd06d5dfc258274d047508b7ad98b66b266fd79b548a
zhengxuyu/litjev,https://github.com/zhengxuyu/litjev,General scoring / serving adapters,Apache-2.0,Typed option scoring over existing Qwen models.,Source and metadata reviewed; model inference not tested,23f4f07e1265d0c2574cb53cfae853ecf2aaf62f95943978d3c562d9920a2b89
razorback16/OpenJev,https://github.com/razorback16/OpenJev,Diffusion and multimodal wrappers,Apache-2.0,DiffusionGemma-based serving; different model architecture and hardware needs.,Source and metadata reviewed; model inference not tested,37bb1220d021efcb72f3902ddf99b0653e23262d632d64db8ba3ad28e96fc045
daseinlabs/open-jev,https://github.com/daseinlabs/open-jev,Mac and device scoring runtimes,UNCONFIRMED,Gemma/MLX implementation; code license unresolved. Base-model terms also apply.,Source and metadata reviewed; model inference not tested,68dce30ecdd4a5a7ad445c41c71f5c7ee5c4e61510e36e036f900aae61fc08fc
JoshuaSP/open-jev,https://github.com/JoshuaSP/open-jev,Diffusion and multimodal wrappers,MIT,DiffusionGemma wrapper; model license and resources must be assessed separately.,Source and metadata reviewed; model inference not tested,886dfac4f9599f56252d0552dac2c70661e2c93d91aa7809362d032b77cc5786
githubnext/localjev,https://github.com/githubnext/localjev,Diffusion and multimodal wrappers,MIT,TypeSafe-compatible proxy for a local model endpoint; not a model by itself.,Source and metadata reviewed; model inference not tested,564c82e559058baad9973953f50945865eae152cce19b9e711662780303fbb91
featherless-ai/simple-jev,https://github.com/featherless-ai/simple-jev,General scoring / serving adapters,UNCONFIRMED,Existing-model inference implementation. Code license unresolved.,Source and metadata reviewed; model inference not tested,c8e7b58d295a9732b9c93496540eac255c106143445e55b5e9b74687d3942dea
Mapika/decider,https://github.com/Mapika/decider,Trained decision models,Apache-2.0,Trained Qwen family; 0.8B checkpoint about 1.50 GB. Evaluate against Laya before adopting.,Source and metadata reviewed; model inference not tested,d60fb639de7ad7b3af8de4f5cee190422d6c88106eb96aa5bca1029328ecaad3
ikermoel/open-alternative-jev,https://github.com/ikermoel/open-alternative-jev,General scoring / serving adapters,Apache-2.0,Open Qwen scoring implementation; no implication of Jev-equivalent accuracy.,Source and metadata reviewed; model inference not tested,0d443c2b233db4fb13a0332fe081e7e16d134f93c15a4d1abcab801be25cd2f8
us/jev-local,https://github.com/us/jev-local,General scoring / serving adapters,UNCONFIRMED,Existing-model wrapper with author calibration claims. Code license unresolved.,Source and metadata reviewed; model inference not tested,d6da62c2a314d93b11ed8c25ccc3e30d5007ca45d46ac1c9b338beb66df45590
olanotolu/jevbetter,https://github.com/olanotolu/jevbetter,Specialists and training experiments,MIT,Trainable compact scorer; judge against task-specific held-out data.,Source and metadata reviewed; model inference not tested,2d57fd85d41bd7ae6ff87a5b6f03bbc90ccfe3fee6425fcdd9348201ed529d04
wfzyx/von,https://github.com/wfzyx/von,Trained decision models,Apache-2.0,"ModernBERT decision model; code license detected, model-card license missing in inspected metadata. Clarify weight rights.",Source and metadata reviewed; model inference not tested,60c0b4b57772e870a62e238efa9705f07b1ecdd1c54101037ee04380f3aaa862
Heman10x-NGU/Verdict-open-jev,https://github.com/Heman10x-NGU/Verdict-open-jev,Specialists and training experiments,NOASSERTION,Banking77-oriented GLiClass/ModernBERT checkpoint; narrow-domain evidence does not establish general reasoning.,Source and metadata reviewed; model inference not tested,ebeb7410f73fdaa0b661580b044b08db6e4fe2e39fccfd48b70514714f826600
Yinsongxu/LLM2Jev,https://github.com/Yinsongxu/LLM2Jev,General scoring / serving adapters,Apache-2.0,Adapts existing language models to typed decisions.,Source and metadata reviewed; model inference not tested,754c82081b5e786137d5fa5fa091eb26651af2c194db4e5c39693092edc96600
rorshopping/jev-on-a-laptop,https://github.com/rorshopping/jev-on-a-laptop,Mac and device scoring runtimes,NOASSERTION,Local MLX reproduction/benchmark; code license unresolved. Not a separate trained foundation model.,Source and metadata reviewed; model inference not tested,d24df25b79d5161f1f9236845cd2327a193d610dedad6947e2d4246436f341f0
shamazharikh/qwen-rlcd,https://github.com/shamazharikh/qwen-rlcd,Specialists and training experiments,UNCONFIRMED,Reproduction/training project. Checkpoint availability and code license require further verification.,Source and metadata reviewed; model inference not tested,dd3e9b77ae56133796296922734d677f2c250b59e53e173daaa4c7eabc12d6ab
OmniJev/PlayJev,https://github.com/OmniJev/PlayJev,Specialists and training experiments,Apache-2.0,Visual/game-oriented model; separate evaluation track.,Source and metadata reviewed; model inference not tested,6ddf880f848923cd988edf13dc17f331db6e2c1791f7580d9d9e8a58a64a927f
Knowledgator/GLiClass,https://github.com/Knowledgator/GLiClass,"Adjacent classifiers, adapters, evaluation",Apache-2.0,"Established classification approach, useful adjacent baseline; not a complete Jev API clone.",Source and metadata reviewed; model inference not tested,c58e3eaf8020ea4d8ce12b1c1ba7ede55e0ebd6ce94b98a82e1965c8e867a7bd
kotoba-lang/typed-decisions,https://github.com/kotoba-lang/typed-decisions,Trained decision models,NOASSERTION,"DeBERTa typed-decision implementation and checkpoint; model card Apache-2.0, code license unresolved by metadata.",Source and metadata reviewed; model inference not tested,9821eb6549962f1fac32faff1a1263e2552e2074ff40bea50a2175920d1068aa
typesafe-ai/system-one-adapter-python,https://github.com/typesafe-ai/system-one-adapter-python,"Adjacent classifiers, adapters, evaluation",MIT,Official adapter for other model providers. It does not make a proprietary backend local or open source.,Source and metadata reviewed; model inference not tested,131f22241ff30f4b31523cfdf8813188c672fbac6e0a7b9497b94b93bb95dc93
fstandhartinger/jevbench,https://github.com/fstandhartinger/jevbench,"Adjacent classifiers, adapters, evaluation",MIT,"Evaluation project, not a replacement model. Useful additional benchmark; published scores are not our test results.",Benchmark toolkit; not a model,6f601aa22379d8edea6172da216eee660661b2ab72e1b51881701bae56a6aba2
NullPo-jp/PocketJev,https://github.com/NullPo-jp/PocketJev,Mac and device scoring runtimes,MIT,On-device iPhone visual option scoring with Qwen3-VL; not a desktop general decision model.,Source and metadata reviewed; model inference not tested,10cee9371e3c4cbb3f3ecb3716231b80714d11268dd3a6bc2cc0175c90c2f241
kikoncuo/jevfire,https://github.com/kikoncuo/jevfire,General scoring / serving adapters,MIT,Parallel scoring sidecar for CUDA/vLLM; browser demo is a different runtime configuration.,Source and metadata reviewed; model inference not tested,3440c5705062d46d092a5cae90e4ffa76fa7e7d90c3478ad3da9d143a9138b00
stephanj/parallelConstraintDecoding,https://github.com/stephanj/parallelConstraintDecoding,Mac and device scoring runtimes,Apache-2.0,"Java/llama.cpp native engine plus Python/MLX reference. A decoding implementation, not new trained weights.",Source and metadata reviewed; model inference not tested,d6f7f079b8483c01c03efe32550911378d48543d15b909ba044b8ea84b10ecd5
snellingio/system-one,https://github.com/snellingio/system-one,Mac and device scoring runtimes,MIT,Apple Silicon MLX decision server and evaluation tooling.,Source and metadata reviewed; model inference not tested,e7ec3b80662e5fd8dca20fddbff4db8e0e80251554b0567fdbcfd4d4c9391696
genai-craft/openvons,https://github.com/genai-craft/openvons,Diffusion and multimodal wrappers,NOASSERTION,Text/image/Japanese-audio decision-layer project; code license scope unresolved.,Source and metadata reviewed; model inference not tested,4e978cdbafee172a5cfee466be56d2ac99da7793c4ffec5c0e0de52f327f3d22
sgoedecke/system-one,https://github.com/sgoedecke/system-one,General scoring / serving adapters,UNCONFIRMED,Batched single-token choice server. Code license unresolved.,Source and metadata reviewed; model inference not tested,cd159603b281e2dcae8ac325465e04fa6ffdaa581a51752c106a9aa9b987c2fe
kshetrajna12/reflex,https://github.com/kshetrajna12/reflex,General scoring / serving adapters,MIT,Ships frozen Qwen readout; its small browser demo is explicitly not representative of served judge quality.,Source and metadata reviewed; model inference not tested,e284eab97e67032ceac780c26aa05121a8024356069f1edb856a831f3d544bf4
Micha0827/snapjudge,https://github.com/Micha0827/snapjudge,Mac and device scoring runtimes,MIT,Mac Qwen scorer and TypeSafe-compatible service; model size and quantization materially affect quality.,Source and metadata reviewed; model inference not tested,78510c6636784bf4dfab63455d5ec35438e36c834dd77ab0c222e0dd7f768d37
mikesmullin/openjev,https://github.com/mikesmullin/openjev,Specialists and training experiments,UNCONFIRMED,Local reproduction of another checkpoint plus game/demo branches. Code license unresolved.,Source and metadata reviewed; model inference not tested,4339ff3874ab9a745539a618f5977a86c1d97f50dc0dc8498bb8ba1f93a5a67f
logan-markewich/jeff,https://github.com/logan-markewich/jeff,"Adjacent classifiers, adapters, evaluation",MIT,TypeSafe-style service around GliFormer. Another compact classifier baseline; not a new trained model.,Source and metadata reviewed; model inference not tested,a5a85a5753682bf52bc6e0df3eba1ccf61bbb360aec2e006837f14954c8b1573
mithalouni/system-one-open,https://github.com/mithalouni/system-one-open,Specialists and training experiments,NOASSERTION,Gemma decision-head training/serving experiment; code license scope unresolved.,Source and metadata reviewed; model inference not tested,894b3ee36008c395dd4d1d3cc625c85f7b5aee57745c5ad24c0c3460825747ba
akash-kamat/system-one-gemma,https://github.com/akash-kamat/system-one-gemma,Specialists and training experiments,UNCONFIRMED,Gemma 270M scoring-head experiment; base-model acceptance and code license unresolved.,Source and metadata reviewed; model inference not tested,97e66d39b1ac5bf318c24fa5f45214475cbe4734bac15218e7b6c42dc0d5de4e
